Issue Type,Summary,Epic Name,Epic Link,Labels,Description
Epic,Foundation,Foundation,,foundation,"Stand up the Laravel app on the existing DB/infra so feature epics can build on a tested base. App/web layer only; ingestion & indexing are existing PHP standalone containers. Full spec: docs/epics/EPIC-FOUNDATION.md"
Story,FND-1 Project scaffold & infrastructure connections,,Foundation,foundation,"Laravel 11 / PHP 8.3 + Blade/Livewire/Filament, no React. AC: TZ=America/Vancouver (test-guarded); connect existing PostgreSQL (no migrations for existing tables); Redis for cache/queue/session; OpenSearch client + health check for jobs_en/jobs_fr. Docs: copilot-instructions; data-model.md §0,§5; architecture.md §9."
Story,FND-2 Core Eloquent models (existing-DB mapping),,Foundation,foundation,"Map Eloquent to existing PascalCase schema. AC: models for Job/JobSeeker/SavedJob/JobAlert/JobSource/Location/Region/Industry/NocCode(2021)/SystemSetting/AdminUser/JobSeekerFlags with $table,$timestamps=false,keys,casts; shared soft-delete trait (IsDeleted+DateDeleted); composite-PK stats tables NOT modeled; golden-read tests vs real rows. Docs: data-model.md §1-3,§6. Depends: FND-1."
Story,FND-3 Queue foundation: BaseJob & logging,,Foundation,foundation,"BaseJob for the app's own background work (alert emails, sitemap, view-count). AC: BaseJob with $tries/$backoff + idempotency (ShouldBeUnique where needed); stdout structured logging; Redis queues (notifications, default); idempotency test. Feed import/index jobs out of scope. Docs: copilot-instructions; architecture.md §9. Depends: FND-1."
Story,FND-4 Base Blade layout & accessible component library,,Foundation,foundation;a11y,"Server-rendered layout + internal accessible component set. AC: responsive base layout; components (button, labelled field, alert, pagination) meeting WCAG 2.1 AA; Livewire + Alpine demonstrated (data vs view-state); axe/pa11y in CI. Docs: copilot-instructions (Accessibility); ADR-002. Depends: FND-1."
Story,FND-5 Job-seeker session auth + legacy-hash verifier,,Foundation,foundation;auth,"Session auth on AspNetUsers + Identity-compatible hasher. AC: verify Identity v2/v3 PBKDF2 and rehash to bcrypt/argon2 on login; unrecognized/MD5 -> force reset (no MD5 impl); register + email verify (VerificationGuid); email-only reset; maintain Normalized* ; feature tests. Docs: ADR-003; data-model.md. Depends: FND-1,FND-2."
Story,FND-6 Admin auth: Keycloak OIDC to Filament,,Foundation,foundation;auth,"Keycloak OIDC login for the Filament panel mapped to AdminUsers roles. AC: Socialite/OIDC auth (secrets from Secrets Manager); Keycloak identity -> AdminUsers row; roles (SuperAdmin/Admin/Reporting) drive Filament policies; impersonation scaffold writes ImpersonationLog; gating tests. Docs: ADR-003; data-model.md. Depends: FND-1,FND-2."
Story,FND-7 Search foundation: OpenSearch client + JobSearchQuery + JobSearchFilters,,Foundation,foundation;search,"Search building blocks. AC: JobSearchFilters value object (all fields per contracts.md §1, exact PascalCase, deserialize v0/1, reject unknown); JobSearchQuery builds array body (no string concat), base ExpireDate>=now/d filter, 11 sorts, paging; result DTO; JSON-diff harness vs reference bodies; keyword parser + BRD tests. Docs: contracts.md §1-2; architecture.md §7. Depends: FND-1."
Story,FND-8 CI/CD pipeline & k8s CronJob to artisan wiring,,Foundation,foundation;devops,"GitHub Actions to EKS + scheduled-job trigger. AC: CI (build, php artisan test, a11y check, image push, deploy); separate web/queue-worker/cron workloads; k8s CronJob -> php artisan -> Redis queue proven with a no-op command; Secrets Manager; existing importer/indexer containers + pg_cron untouched. Docs: ADR-004; architecture.md §9. Depends: FND-1."
Epic,Public Job Search,Public Job Search,,search,"Public SEO-critical job search: server-rendered results, faceted filters, job detail (incl. external descriptions), URLs, map, and the Drupal API. Full spec: docs/epics/EPIC-SEARCH.md"
Story,SRCH-1 Search results page (core + sort & paging),,Public Job Search,search,"Server-rendered results page. AC: results in initial HTML; keyword + search-by (all/title/employer/jobId); base ExpireDate>=now/d filter + track_total_hits; 11 sort orders + secondary sort; pagination; results link to path-based detail URL; results ARIA live region; component test. Docs: contracts.md §1; architecture.md §5.3,§7. Depends: FND-7,FND-4."
Story,SRCH-2 Location input & filter (autocomplete/validation/radius),,Public Job Search,search,"City/postal input + Location facet. AC: autocomplete + blur validation (invalid city/postal via ARIA live); LocationField (city/region/postal, Postal normalized); radius via GeocodedLocationCache -> Google fallback -> write-back, geo_distance + geo sort; virtual-job force-inclusion (WorkplaceType 15141); lat0/lon180 fallback; tests. Docs: contracts.md §1; glossary.md; architecture.md §7. Depends: SRCH-1."
Story,SRCH-3 Standard filter facets (Job Type/Industry/Education/Date),,Public Job Search,search,"Straightforward faceted filters as accessible dropdowns. AC: Job Type (hours/period/terms/workplace), Industry (NAICS), Education (EduLevel), Date (any/today/past-3d/range, end-of-day inclusive, TZ); Alpine open/close + Livewire apply; AND across groups, OR within; tests. Docs: contracts.md §1; architecture.md §7. Depends: SRCH-1."
Story,SRCH-4 Salary filter facet,,Public Job Search,search,"Salary type/brackets/custom/unknown/conditions. AC: SalaryType annualization (2080/52/26/12); brackets 1-5 + custom (6); unknown -> SalarySort.Descending<=-99999999; SearchSalaryConditions terms; tests. Docs: contracts.md §1; glossary.md; architecture.md §7. Depends: SRCH-1."
Story,SRCH-5 More filter facet,,Public Job Search,search,"Equity groups/language/NOC/source/exclude-agencies. AC: equity Is* terms; language (IsFederalJob for E+F); SearchNocField->Noc2021; job source 0-5 incl nested ExternalSource match_phrase groups; exclude placement agencies must_not EmployerTypeId:1; tests. Docs: contracts.md §1; architecture.md §7. Depends: SRCH-1."
Story,SRCH-6 Filter/URL serialization (shareable + alert-compatible),,Public Job Search,search,"Two-way URL<->JobSearchFilters mapping. AC: filters serialize to shareable URL and reconstruct exactly; compatible with JobAlerts.UrlParameters deep-links (or migration+redirect shim); lossless round-trip test per facet; v0/1 handled. Docs: contracts.md §1. Depends: SRCH-2..5."
Story,SRCH-7 Job detail page (SEO),,Public Job Search,search;seo,"Server-rendered crawlable detail page. AC: path-based URL (no hash); fetch by id (no expiry filter); JobPosting JSON-LD + title/meta/canonical (EN/FR); increment JobViews; print+share; a11y; renders in raw HTML test. Docs: contracts.md §2.1; architecture.md §6. Depends: SRCH-1."
Story,SRCH-7b External (Innovibe) job detail rendering,,Public Job Search,search;seo,"Render external job description (OpenSearch JobDescription) on our page with apply-to-source button (Innovibe terms confirmed). AC: for IsFederalJob=false render JobDescription + facts; 'Apply on {OriginalSource}' -> ExternalSourceUrl + 'via {source}' attribution; _source includes JobDescription/ExternalSource/OriginalSource; HTML-sanitize; self-canonical; expired-posting state; results+Drupal link to our detail page; tests. Docs: architecture.md §6; contracts.md §2.1. Depends: SRCH-7."
Story,SRCH-8 Job sitemap (SEO),,Public Job Search,search;seo,"sitemap.xml of active job URLs. AC: lists active (ExpireDate>=now) detail URLs EN/FR; regenerated on schedule (k8s CronJob) or cached; excludes expired/inactive; lastmod=LastUpdated; test contains active excludes expired. Docs: architecture.md §6; ADR-004. Depends: SRCH-7."
Story,SRCH-9 Map view (Google Maps + clustering),,Public Job Search,search,"Geographic results view. AC: pins from same filters (map query path), clustered; pin-selection parity (most-frequent city/region, multi-location, 5000 cap); Google Maps in Alpine, key from config; info-window -> detail; list equivalent remains (map not the only access). Docs: architecture.md §5.3,§7. Depends: SRCH-1."
Story,SRCH-10 Drupal-facing search API,,Public Job Search,search;api,"JSON API consumed by Drupal. AC: POST /api/Search/JobSearch (+/{language}) returns SearchResultsModel exact keys/casing (contracts.md §2.1); unknown field -> 400; profile-sidebar federal-first heuristic (NOC + PageSize<=10 + no source); GET gettotaljobs -> {count}; GET location/cities/{name}/true -> string[]; API Resources; feature tests. Docs: contracts.md §2; architecture.md §8. Depends: SRCH-1,FND-7."
Epic,Job Seeker Account,Job Seeker Account,,account,"Authenticated job-seeker experience: dashboard, saved jobs, alerts (+ PHP email sender replacing the .NET container), recommended jobs, saved profiles, settings. Full spec: docs/epics/EPIC-ACCOUNT.md"
Story,ACCT-1 Account dashboard,,Job Seeker Account,account,"Logged-in landing with summary + nav. AC: counts (saved jobs, active alerts, saved profiles); per-user data isolation (policy-scoped); a11y; test that another user's data is never shown. Docs: data-model.md. Depends: FND-5,FND-2."
Story,ACCT-2 Saved jobs,,Job Seeker Account,account,"Save/unsave + note. AC: save/unsave toggle from results+detail writing SavedJobs; 800-char Note + NoteUpdatedDate; soft-delete pair; list excludes deleted, joins Jobs; tests. Docs: data-model.md (SavedJobs). Depends: ACCT-1,SRCH-1/7."
Story,ACCT-3 Job alerts management (create/edit/list/delete),,Job Seeker Account,account,"Saved-search alerts reusing search filters. AC: create/edit stores JobSearchFilters JSON (+version) + Title + AlertFrequency + UrlParameters; live match-count (Livewire, PageSize=0); soft-delete + JobSeekerChangeLog audit row; v0/1 handled; alert/search URL compatible; tests. Docs: contracts.md §1; data-model.md (JobAlerts). Depends: ACCT-1,FND-7,SRCH-1..6."
Story,ACCT-4 Job alert email sender (PHP replaces .NET container),,Job Seeker Account,account;notifications,"PHP artisan sender; k8s CronJob controls cadence. AC: 'alerts:send --frequency=daily|weekly|biweekly|monthly' with a k8s CronJob per frequency; preserve semantics (daily; weekly Mon; biweekly 15th+EOM; monthly 1st); select eligible alerts (not deleted, owner Active, matching freq); run stored filters vs OpenSearch; send via SES/SendGrid/SMTP (config; SystemSettings email.%); queued + idempotent (no double-send/period); tests. Docs: ADR-004; contracts.md §1; data-model.md. Depends: ACCT-3,FND-3,FND-7."
Story,ACCT-5 Recommended jobs,,Job Seeker Account,account;search,"Personalized recommendations. AC: boost-weighted OpenSearch query from saved-job NOC2021/employers/titles/city with per-item boosts + minimum_should_match + IgnoreJobIdList; reads OpenSearch, base expiry filter; empty state; tests. Docs: architecture.md §7. Depends: ACCT-2,FND-7."
Story,ACCT-6 Saved career & industry profiles,,Job Seeker Account,account;api,"Save/remove career (NOC) + industry profiles. AC: SavedCareerProfiles (NocCodeId2021) + SavedIndustryProfiles (IndustryId) soft-delete; POST career-profiles/save/{id} + GET status/{id} (+industry) authenticated per contracts.md §2.4; list with titles; tests. Docs: contracts.md §2.4; data-model.md. Depends: ACCT-1."
Story,ACCT-7 Personal settings,,Job Seeker Account,account,"Profile management + password change. AC: edit FirstName/LastName/City/LocationId/CountryId/ProvinceId (maintain Normalized* on email change); change password rehashes to bcrypt (no MD5); profile change writes JobSeekerChangeLog; a11y; tests. Docs: ADR-003; data-model.md. Depends: ACCT-1,FND-5."
Epic,Admin & Reporting,Admin & Reporting,,admin,"Filament admin at parity with current WorkBC.Admin (job-seeker mgmt, job browsing, admin accounts, system settings) + reporting (Dapper-ported) + chart dashboard. Full spec: docs/epics/EPIC-ADMIN-REPORTING.md"
Story,ADM-1 Admin panel shell & role-based access,,Admin & Reporting,admin,"Filament panel behind Keycloak with role policies. AC: map AdminUsers.AdminLevel -> SuperAdmin/Admin/Reporting; nav to all areas each role-gated; gating tests. Docs: ADR-003; data-model.md. Depends: FND-6."
Story,ADM-2 Job Seeker management,,Admin & Reporting,admin,"Filament resource over AspNetUsers. AC: search (name/email/city), view, edit profile; lock/unlock (DateLocked, LockedByAdminUserId); AccountStatus change; edits write JobSeekerChangeLog; tests. Docs: data-model.md. Depends: ADM-1."
Story,ADM-3 Job Seeker history & admin notes,,Admin & Reporting,admin,"Seeker audit views + notes. AC: view JobSeekerVersions, JobSeekerChangeLog, JobSeekerEventLog; JobSeekerAdminComments add/pin/list; tests. Docs: data-model.md. Depends: ADM-2."
Story,ADM-4 Impersonation,,Admin & Reporting,admin,"Admin impersonates a seeker. AC: Filament action starts impersonated seeker session + writes ImpersonationLog (Token/AspNetUserId/AdminUserId/DateTokenCreated); end returns to admin; tests. Docs: data-model.md. Depends: ADM-2."
Story,ADM-5 Job / posting management,,Admin & Reporting,admin,"Browse jobs + version history. AC: Filament resource over Jobs, search (title/employer/JobId/source), view detail; view JobVersions history; job content READ-ONLY (owned by ingestion); tests. Docs: data-model.md; architecture.md §1a. Depends: ADM-1."
Story,ADM-6 Admin account management,,Admin & Reporting,admin,"AdminUsers CRUD. AC: CRUD, AdminLevel roles, lock/unlock, Deleted flag, audit (ModifiedByAdminUserId/DateUpdated); SuperAdmin-only; tests. Docs: data-model.md; ADR-003. Depends: ADM-1."
Story,ADM-7 System settings editor,,Admin & Reporting,admin,"SystemSettings editor. AC: list + edit by FieldType (Boolean/MultiLineText/Number/SingleLineText/Html); SuperAdmin-only; audit; Redis cache invalidation on save; proper per-type validation (numeric/range for Number, e.g. minimumWage positive decimal); tests. Docs: data-model.md; glossary.md; architecture.md §9. Depends: ADM-1."
Story,ADM-8 Core reports (Dapper ported),,Admin & Reporting,admin;reporting,"Port report queries to DB::select + DTOs. AC: Jobs by Region/City/Industry/Source, Top-20 NOC, NOC Summary, JobSeeker Accounts, JobSeekers by City/Location, JobSeeker Detail; read JobStats/JobSeekerStats (populated by usp_* procs via pg_cron) + tvf_* functions (call, don't reimplement); @Param->:Param (verify repeated placeholders); Excel export via OpenSpout/Laravel Excel; numeric parity vs .NET on a frozen period; tests. Docs: data-model.md §3-4; ADR-004. Depends: FND-2."
Story,ADM-9 Reporting dashboard & chart widgets,,Admin & Reporting,admin;reporting,"Charts on top of the core reports. AC: Filament dashboard with stat tiles (active jobs, new this week, alerts, seekers) + chart widgets (bar/line) with period/region/source filters driving all widgets; data from Reporting service; chart a11y (not colour-only, contrast, text/data-table alt); tests. Docs: REPORTING-ENHANCEMENTS; architecture.md. Depends: ADM-8."
